{
  "images" : [
    {
      "idiom" : "universal",
      "scale" : "1x"
    },
    {
      "resizing" : {
        "mode" : "9-part",
        "center" : {
          "mode" : "tile",
          "width" : 34,
          "height" : 1
        },
        "cap-insets" : {
          "bottom" : 29,
          "top" : 14,
          "right" : 1,
          "left" : 18
        }
      },
      "idiom" : "universal",
      "filename" : "桥@2x.png",
      "scale" : "2x"
    },
    {
      "resizing" : {
        "mode" : "9-part",
        "center" : {
          "mode" : "tile",
          "width" : 51,
          "height" : 1
        },
        "cap-insets" : {
          "bottom" : 40,
          "top" : 25,
          "right" : 2,
          "left" : 27
        }
      },
      "idiom" : "universal",
      "filename" : "桥@3x.png",
      "scale" : "3x"
    }
  ],
  "info" : {
    "version" : 1,
    "author" : "xcode"
  },
  "properties" : {
    "template-rendering-intent" : "original"
  }
}