{
  "images" : [
    {
      "idiom" : "universal",
      "scale" : "1x"
    },
    {
      "resizing" : {
        "mode" : "9-part",
        "center" : {
          "mode" : "tile",
          "width" : 32,
          "height" : 5
        },
        "cap-insets" : {
          "bottom" : 27,
          "top" : 15,
          "right" : 18,
          "left" : 18
        }
      },
      "idiom" : "universal",
      "filename" : "Group 3@2x.png",
      "scale" : "2x"
    },
    {
      "resizing" : {
        "mode" : "9-part",
        "center" : {
          "mode" : "tile",
          "width" : 48,
          "height" : 8
        },
        "cap-insets" : {
          "bottom" : 36,
          "top" : 20,
          "right" : 27,
          "left" : 27
        }
      },
      "idiom" : "universal",
      "filename" : "Group 3@3x.png",
      "scale" : "3x"
    }
  ],
  "info" : {
    "version" : 1,
    "author" : "xcode"
  },
  "properties" : {
    "template-rendering-intent" : "original"
  }
}